{"world_location":{"x":1145.6029254272141,"y":42.792060594793874,"z":308.13871621669489},"world_rotation":{"x":0.08186823989787205,"y":0.0035490366923341325,"z":-0.99663594541313849,"w":0.0013371406210118569},"field_of_view":37.497356414794922,"aspect_ratio":1.7777777910232544}