{"world_location":{"x":270,"y":0,"z":330},"world_rotation":{"x":-0,"y":0.087155742074232642,"z":0,"w":0.99619469815066253},"field_of_view":37.497356414794922,"aspect_ratio":1.7777777910232544}